{
    "app_box": [
        [
            0,
            0
        ],
        [
            600,
            1122
        ]
    ],
    "locations": {
        "app_box": [
            [
                0.0,
                0.0
            ],
            [
                1.0,
                1.0
            ]
        ],
        "skill1_box": [
            [
                0.0957983193277311,
                0.6071428571428571
            ],
            [
                0.24873949579831933,
                0.6883928571428571
            ]
        ],
        "skill2_box": [
            [
                0.10084033613445378,
                0.7366071428571429
            ],
            [
                0.2453781512605042,
                0.8160714285714286
            ]
        ],
        "skill3_box": [
            [
                0.09411764705882353,
                0.8625
            ],
            [
                0.24873949579831933,
                0.9419642857142857
            ]
        ],
        "zhoushu1_point": [
            0.10756302521008404,
            0.8866071428571428
        ],
        "zhoushu2_point": [
            0.8873949579831932,
            0.8910714285714286
        ],
        "huanshen_point": [
            0.09747899159663866,
            0.7839285714285714
        ],
        "zhaohuan_point": [
            0.8941176470588236,
            0.7830357142857143
        ],
        "steer_point": [
            0.5,
            0.8
        ]
    },
    "confidence": 0.7
}